{
    "dataSources": [{
        "format": "object",
        "name": "mock",
        "type": "mock"
    }, {
        "format": "ducati",
        "name": "timeseries",
        "type": "mock"
    }, {
        "name": "timeseries2",
        "type": "json",
        "url": "http://pastebin.com/raw.php?i=fcNhMQDL"
    }, {
        "name": "uscrime",
        "type": "json",
        "url": "http://pastebin.com/raw.php?i=YGN7gWWG"
    }, {
        "name": "forecast",
        "type": "json",
        "url": "http://pastebin.com/raw.php?i=PJyFYE7U"
    }],
    "description": "Examples of using the Chart widget to create Line charts",
    "disableAnalytics": true,
    "name": "example-chart-line",
    "pages": [{
        "layout": {
            "gridColumns": 3,
            "gridRows": 2
        },
        "name": "Basic Line Charts",
        "widgets": [{
            "dataSource": "mock",
            "gridHeight": null,
            "gridWidth": null,
            "helpText": "Basic chart with minimal configuration",
            "highchart": {
                "series": [{
                    "x": "__index",
                    "y": "number"
                }]
            },
            "title": "Basic Line Chart",
            "widget": "chart"
        }, {
            "dataSource": "mock",
            "gridHeight": null,
            "gridWidth": null,
            "helpText": "Advanced configuration for a chart",
            "highchart": {
                "chart": {
                    "style": {
                        "fontFamily": "Helvetica, Arial, sans-serif"
                    },
                    "zoomType": "xy"
                },
                "legend": {
                    "align": "right",
                    "floating": true,
                    "verticalAlign": "top"
                },
                "plotOptions": {
                    "spline": {
                        "dataLabels": {
                            "enabled": true,
                            "style": {
                                "fontWeight": "bold"
                            }
                        },
                        "enableMouseTracking": true,
                        "marker": {
                            "lineColor": "#666666",
                            "lineWidth": 1,
                            "radius": 4
                        }
                    }
                },
                "series": [{
                    "color": "orange",
                    "marker": {
                        "symbol": "square"
                    },
                    "type": "spline",
                    "x": "__index",
                    "y": "number"
                }],
                "tooltip": {
                    "headerFormat": "<span style=\"font-size: 10px\">Value: {point.key}</span><br/>",
                    "valueSuffix": " widgets"
                },
                "xAxis": {
                    "labels": {
                        "style": {
                            "color": "#999"
                        }
                    },
                    "lineColor": "#ddd"
                },
                "yAxis": {
                    "labels": {
                        "style": {
                            "color": "#999"
                        }
                    },
                    "lineColor": "#ddd",
                    "min": 0,
                    "title": {
                        "text": "Amount of Widgets"
                    }
                }
            },
            "title": "Enhanced Line Chart",
            "widget": "chart"
        }, {
            "dataSource": "timeseries",
            "gridHeight": null,
            "gridWidth": null,
            "helpText": "Example of using a \"datetime\" x-axis",
            "highchart": {
                "series": [{
                    "x": "_time",
                    "xFormat": "epoch",
                    "y": "grossbookingvalue"
                }],
                "xAxis": {
                    "title": {
                        "text": "Time"
                    },
                    "type": "datetime"
                }
            },
            "title": "Time Series Line Chart",
            "widget": "chart"
        }, {
            "dataSource": "timeseries2",
            "gridHeight": null,
            "gridWidth": null,
            "helpText": "This chart uses two y-axes to display two series with different data ranges side-by-side",
            "highchart": {
                "series": [{
                    "x": "date",
                    "xFormat": "string",
                    "y": "bookings"
                }, {
                    "x": "date",
                    "xFormat": "string",
                    "y": "dollars",
                    "yAxis": 1
                }],
                "xAxis": {
                    "title": {
                        "text": "Time"
                    },
                    "type": "datetime"
                },
                "yAxis": [{
                    "title": {
                        "text": "Bookings"
                    }
                }, {
                    "opposite": true,
                    "title": {
                        "font": "Lucida Handwriting",
                        "text": "Dollars"
                    }
                }]
            },
            "title": "Date Strings Dual-Axis Line Chart",
            "widget": "chart"
        }, {
            "dataSource": "timeseries2",
            "gridHeight": null,
            "gridWidth": null,
            "helpText": "Example of both columns and a line, using dual y-axes",
            "highchart": {
                "series": [{
                    "type": "column",
                    "x": "date",
                    "xFormat": "string",
                    "y": "dollars",
                    "yAxis": 1
                }, {
                    "x": "date",
                    "xFormat": "string",
                    "y": "bookings"
                }],
                "xAxis": {
                    "title": {
                        "text": "Time"
                    },
                    "type": "datetime"
                },
                "yAxis": [{
                    "title": {
                        "text": "Bookings"
                    }
                }, {
                    "opposite": true,
                    "title": {
                        "text": "Dollars"
                    }
                }]
            },
            "title": "Line/Column Dual-Axis Chart",
            "widget": "chart"
        }, {
            "dataSource": "timeseries2",
            "gridHeight": null,
            "gridWidth": null,
            "helpText": "Example of both an area and a line, using dual y-axes",
            "highchart": {
                "series": [{
                    "type": "area",
                    "x": "date",
                    "xFormat": "string",
                    "y": "dollars",
                    "yAxis": 1
                }, {
                    "x": "date",
                    "xFormat": "string",
                    "y": "bookings"
                }],
                "xAxis": {
                    "title": {
                        "text": "Time"
                    },
                    "type": "datetime"
                },
                "yAxis": [{
                    "title": {
                        "text": "Bookings"
                    }
                }, {
                    "opposite": true,
                    "title": {
                        "text": "Dollars"
                    }
                }]
            },
            "title": "Line/Area Dual-Axis Chart",
            "widget": "chart"
        }]
    }, {
        "layout": {
            "gridColumns": 3,
            "gridRows": 2
        },
        "name": "Wildcard / Regex Series",
        "widgets": [{
            "dataSource": "uscrime",
            "highchart": {
                "series": [{
                    "type": "line",
                    "x": "Year",
                    "y": "*",
                    "yIgnore": ["Population", "Total"]
                }],
                "subtitle": {
                    "text": "Source: <a href=\"http://www.disastercenter.com/crime/uscrime.htm\">http://www.disastercenter.com</a>",
                    "verticalAlign": "bottom"
                },
                "xAxis": {
                    "type": "linear"
                },
                "yAxis": [{
                    "min": 0,
                    "title": {
                        "text": "Crimes Committed"
                    }
                }]
            },
            "title": "Wildcard Series with yIgnore",
            "widget": "chart"
        }, {
            "dataSource": "uscrime",
            "gridHeight": null,
            "gridWidth": null,
            "highchart": {
                "series": [{
                    "type": "area",
                    "x": "Year",
                    "y": "Population",
                    "yAxis": 1
                }, {
                    "type": "line",
                    "x": "Year",
                    "y": "*"
                }],
                "xAxis": {
                    "type": "linear"
                },
                "yAxis": [{
                    "min": 0,
                    "title": {
                        "text": "Crimes Committed"
                    }
                }, {
                    "opposite": true,
                    "title": {
                        "text": "Population"
                    }
                }]
            },
            "title": "Wildcard Series with Dual-Axis",
            "widget": "chart"
        }, {
            "dataSource": "uscrime",
            "gridHeight": null,
            "gridWidth": null,
            "highchart": {
                "series": [{
                    "name": "US Population",
                    "type": "area",
                    "x": "Year",
                    "y": "Population",
                    "yAxis": 1
                }, {
                    "name": "Total Crimes",
                    "type": "area",
                    "x": "Year",
                    "y": "Total"
                }, {
                    "name": "${function(name) { return name.replace('-',' '); }}",
                    "type": "line",
                    "x": "Year",
                    "y": "*"
                }],
                "xAxis": {
                    "type": "linear"
                },
                "yAxis": [{
                    "min": 0,
                    "title": {
                        "text": "Crimes Committed"
                    }
                }, {
                    "opposite": true,
                    "title": {
                        "text": "Population"
                    }
                }]
            },
            "title": "Wildcard Series with Dual-Axis and Name Function",
            "widget": "chart"
        }, {
            "dataSource": "uscrime",
            "highchart": {
                "series": [{
                    "type": "line",
                    "x": "Year",
                    "y": "/(.*Theft)/"
                }],
                "xAxis": {
                    "type": "linear"
                },
                "yAxis": [{
                    "min": 0,
                    "title": {
                        "text": "Crimes Committed"
                    }
                }]
            },
            "title": "Regex Series - Theft Only",
            "widget": "chart"
        }, {
            "dataSource": "uscrime",
            "highchart": {
                "series": [{
                    "name": "Crime",
                    "type": "line",
                    "x": "Year",
                    "y": "/.*Theft/"
                }],
                "xAxis": {
                    "type": "linear"
                },
                "yAxis": [{
                    "min": 0,
                    "title": {
                        "text": "Crimes Committed"
                    }
                }]
            },
            "title": "Regex Series with Name Property",
            "widget": "chart"
        }, {
            "dataSource": "uscrime",
            "highchart": {
                "series": [{
                    "name": "${function(name) { return name.toUpperCase(); }}",
                    "type": "line",
                    "x": "Year",
                    "y": "/.*Theft|.*Assault/",
                    "yIgnore": ["Population", "Total"]
                }],
                "subtitle": {
                    "text": "Source: <a href=\"http://www.disastercenter.com/crime/uscrime.htm\">http://www.disastercenter.com</a>",
                    "verticalAlign": "bottom"
                },
                "xAxis": {
                    "type": "linear"
                },
                "yAxis": [{
                    "min": 0,
                    "title": {
                        "text": "Crimes Committed"
                    }
                }]
            },
            "title": "Regex Series with Name Function",
            "widget": "chart"
        }]
    }, {
        "layout": {
            "gridColumns": 2,
            "gridRows": 2
        },
        "name": "More Line Charts",
        "widgets": [{
            "dataSource": "timeseries",
            "gridHeight": null,
            "gridWidth": null,
            "highchart": {
                "series": [{
                    "type": "spline",
                    "x": "_time",
                    "xFormat": "epoch",
                    "y": "grossbookingvalue"
                }, {
                    "name": "Monthly Average",
                    "point": {
                        "x": "${#{_time}*1000}",
                        "y": 2000
                    },
                    "type": "line"
                }],
                "xAxis": {
                    "title": {
                        "text": "Time"
                    },
                    "type": "datetime"
                }
            },
            "title": "Reference Series",
            "widget": "chart"
        }, {
            "dataSource": "timeseries",
            "gridHeight": null,
            "gridWidth": null,
            "highchart": {
                "series": [{
                    "type": "spline",
                    "x": "_time",
                    "xFormat": "epoch",
                    "y": "grossbookingvalue"
                }],
                "xAxis": {
                    "plotLines": [{
                        "color": "gray",
                        "dashStyle": "dash",
                        "label": {
                            "align": "left",
                            "rotation": 0,
                            "text": "Event",
                            "verticalAlign": "top",
                            "x": 10,
                            "y": 15
                        },
                        "value": "${moment().add(5, 'minutes').valueOf()}",
                        "width": 2
                    }],
                    "title": {
                        "text": "Time"
                    },
                    "type": "datetime"
                }
            },
            "title": "X-Axis Plot Lines",
            "widget": "chart"
        }, {
            "dataSource": "timeseries",
            "gridHeight": null,
            "gridWidth": null,
            "highchart": {
                "series": [{
                    "type": "spline",
                    "x": "_time",
                    "xFormat": "epoch",
                    "y": "grossbookingvalue"
                }],
                "xAxis": {
                    "title": {
                        "text": "Time"
                    },
                    "type": "datetime"
                },
                "yAxis": {
                    "plotLines": [{
                        "color": "yellow",
                        "dashStyle": "shortdash",
                        "label": {
                            "text": "Warning"
                        },
                        "value": 2000,
                        "width": 2
                    }, {
                        "color": "red",
                        "dashStyle": "shortdash",
                        "label": {
                            "text": "Critical Level"
                        },
                        "value": 3500,
                        "width": 2
                    }]
                }
            },
            "title": "Y-Axis Plot Lines",
            "widget": "chart"
        }, {
            "dataSource": "timeseries",
            "gridHeight": null,
            "gridWidth": null,
            "highchart": {
                "series": [{
                    "type": "spline",
                    "x": "_time",
                    "xFormat": "epoch",
                    "y": "grossbookingvalue"
                }],
                "xAxis": {
                    "title": {
                        "text": "Time"
                    },
                    "type": "datetime"
                },
                "yAxis": {
                    "plotBands": [{
                        "color": "lightpink",
                        "from": 2000,
                        "label": {
                            "text": "Danger Zone"
                        },
                        "to": 50000
                    }]
                }
            },
            "title": "Y-Axis Plot Band",
            "widget": "chart"
        }]
    }, {
        "layout": {
            "gridColumns": 1,
            "gridRows": 1
        },
        "name": "Forecast",
        "widgets": [{
            "dataSource": "forecast",
            "gridHeight": null,
            "gridWidth": null,
            "highchart": {
                "series": [{
                    "name": "Actual",
                    "x": "date",
                    "xFormat": "string",
                    "y": "bookings"
                }, {
                    "color": "darkred",
                    "dashStyle": "longDash",
                    "name": "Forecast",
                    "x": "date",
                    "xFormat": "string",
                    "y": "forecast"
                }],
                "xAxis": {
                    "title": {
                        "text": "Time"
                    },
                    "type": "datetime"
                },
                "yAxis": [{
                    "title": {
                        "text": "Bookings"
                    }
                }]
            },
            "title": "Forecast line",
            "widget": "chart"
        }]
    }],
    "scripts": [],
    "theme": "light"
}
