{
    "dataSources": [{
        "name": "uscrime",
        "type": "json",
        "url": "http://pastebin.com/raw.php?i=YGN7gWWG"
    }, {
        "name": "sparse",
        "processor": "p = function (data) {\n    /* Generates sparsely-populated dataset */\n    data = [];\n    for(var i = 0; i < 15; i++) {\n        var row = {};\n        if (Math.random()*10 > 5) row.col1 = i;\n        if (Math.random()*10 <= 2.4) row.col2 = 1 + i;\n        if (Math.random()*10 > 7) row.col3 = i / 2 + Math.random() * 2;\n        if (Math.random()*10 <= 1.5) row.col4 = 1000;\n        if (Math.random()*10 > 3) row.col5 = i % 4;\n        if (Math.random()*10 > 1) row.col6 = ~~(Math.random()*20);\n        row._time = moment().unix();\n        data.push(row);\n    }\n    return data;\n}",
        "type": "javascript"
    }],
    "description": "Examples of the Table Widget",
    "disableAnalytics": true,
    "name": "example-table-basic",
    "pages": [{
        "layout": {
            "gridColumns": 2,
            "gridRows": 2
        },
        "name": "Basic Tables",
        "widgets": [{
            "dataSource": "uscrime",
            "enableSort": false,
            "title": "US Crime Over Time (all columns)",
            "widget": "table"
        }, {
            "columns": [{
                "headerTooltip": "The Year",
                "name": "Year"
            }, {
                "name": "Total"
            }, {
                "name": "Burglary"
            }, {
                "name": "Robbery"
            }, {
                "name": "Murder"
            }],
            "dataSource": "uscrime",
            "title": "US Crime Over Time (some columns)",
            "widget": "table"
        }, {
            "columns": [{
                "name": "Year"
            }, {
                "name": "Total",
                "numeralformat": "0,0"
            }, {
                "name": "Burglary",
                "numeralformat": "0.0 a"
            }, {
                "name": "Robbery",
                "numeralformat": "0.0 a"
            }, {
                "name": "Murder",
                "numeralformat": "0.0 a"
            }],
            "dataSource": "uscrime",
            "sortBy": ["-Total"],
            "title": "US Crime Over Time (formatted, sorted)",
            "widget": "table"
        }, {
            "columns": [{
                "name": "Year"
            }, {
                "name": "Total",
                "numeralformat": "0,0"
            }, {
                "group": "Crime Breakdown",
                "name": "Burglary",
                "numeralformat": "0.0 a"
            }, {
                "group": "Crime Breakdown",
                "name": "Robbery",
                "numeralformat": "0.0 a"
            }, {
                "group": "Crime Breakdown",
                "name": "Murder",
                "numeralformat": "0.0 a"
            }],
            "dataSource": "uscrime",
            "enableSort": false,
            "sortBy": ["-Total"],
            "title": "US Crime Over Time (column groups)",
            "widget": "table"
        }]
    }, {
        "layout": {
            "gridColumns": 2,
            "gridRows": 1
        },
        "name": "Paging",
        "widgets": [{
            "dataSource": "uscrime",
            "enableSort": false,
            "layout": {},
            "pagination": {
                "autoItemsPerPage": true,
                "belowPagerMessage": "Displaying page ##{currentPage} with #{itemsPerPage} out of #{totalItems}.",
                "enabled": true
            },
            "rowHeight": 30,
            "title": "US Crime Over Time (Auto-paging)",
            "widget": "table"
        }, {
            "columns": [{
                "headerTooltip": "The Year",
                "name": "Year"
            }, {
                "name": "Total"
            }, {
                "name": "Burglary"
            }, {
                "name": "Robbery"
            }, {
                "name": "Murder"
            }],
            "dataSource": "uscrime",
            "pagination": {
                "autoItemsPerPage": false,
                "enabled": true,
                "itemsPerPage": 10
            },
            "title": "US Crime Over Time (10 rows/page)",
            "widget": "table"
        }]
    }, {
        "layout": {
            "gridColumns": 2,
            "gridRows": 2
        },
        "name": "Wildcards/Regex",
        "widgets": [{
            "columns": [{
                "name": "Year"
            }, {
                "name": "Total"
            }, {
                "headerTooltip": "Crime: #value",
                "name": "*",
                "numeralformat": "0,0"
            }],
            "dataSource": "uscrime",
            "gridHeight": 1,
            "gridWidth": 1,
            "title": "US Crime Over Time (wildcard)",
            "widget": "table"
        }, {
            "columns": [{
                "border": "right",
                "name": "Year"
            }, {
                "columnSortFunction": "${function(columns) { return _.sortBy(columns); }}",
                "columnsIgnored": ["Total"],
                "name": "*",
                "numeralformat": "0,0"
            }, {
                "border": "left",
                "name": "Total"
            }],
            "dataSource": "uscrime",
            "gridHeight": 1,
            "gridWidth": 1,
            "title": "US Crime Over Time (wildcard)",
            "widget": "table"
        }, {
            "columns": [{
                "name": "Year"
            }, {
                "name": "Total"
            }, {
                "name": "/.*Theft/",
                "numeralformat": "0,0"
            }, {
                "name": "/Agg.*|Murder/"
            }, {
                "columnsIgnored": ["Population"],
                "name": "*"
            }, {
                "border": "left",
                "name": "Population"
            }],
            "dataSource": "uscrime",
            "gridHeight": 1,
            "gridWidth": 1,
            "title": "US Crime Over Time (regexes)",
            "widget": "table"
        }, {
            "columns": [{
                "name": "/Agg.*|Mur*./",
                "numeralformat": "0,0"
            }, {
                "columnsIgnored": ["Larceny-Theft"],
                "name": "/^.+Theft/"
            }],
            "dataSource": "uscrime",
            "gridHeight": 1,
            "gridWidth": 1,
            "title": "US Crime Over Time (regexes 2)",
            "widget": "table"
        }]
    }, {
        "layout": {
            "gridColumns": 2,
            "gridRows": 2
        },
        "name": "Sparse Tables",
        "widgets": [{
            "dataSource": "sparse",
            "title": "Sparse Table",
            "widget": "table"
        }, {
            "dataSource": "sparse",
            "sortBy": ["col2"],
            "title": "Sparse Table With Sort",
            "widget": "table"
        }, {
            "dataSource": "sparse",
            "sortBy": ["-col5", "col6"],
            "title": "Sparse Table With Multiple Sort",
            "widget": "table"
        }]
    }],
    "theme": "light"
}
