{
    "template": "-pageviews-*",
    "settings": {
        "number_of_shards": 2,
        "number_of_replicas": 1
    },
    "aliases": {
        "-pageviews": {}
    },
    "mappings": {
        "pageview": {
            "properties": {
                "date": {
                    "type": "date"
                },
                "visitId": {
                    "type": "string",
                    "index": "not_analyzed"
                },
                "uid": {
                    "type": "string",
                    "index": "not_analyzed"
                },
                "user": {
                    "properties": {
                        "_id": {
                            "type": "string",
                            "index": "not_analyzed"
                        },
                        "sAMAccountName": {
                            "type": "string",
                            "index": "not_analyzed"
                        },
                        "name": {
                            "type": "string",
                            "index": "not_analyzed"
                        }
                    }
                },
                "dashboard": {
                    "properties": {
                        "_id": {
                            "type": "string",
                            "index": "not_analyzed"
                        },
                        "name": {
                            "type": "string",
                            "index": "not_analyzed"
                        }
                    }
                },
                "ip": {
                    "type": "string",
                    "index": "not_analyzed"
                },
                "rev": {
                    "type": "integer"
                },
                "page": {
                    "type": "integer"
                },
                "widgets": {
                    "type": "nested",
                    "properties": {
                        "name": {
                            "type": "string",
                            "index": "not_analyzed"
                        }
                    }
                },
                "browser": {
                    "properties": {
                        "name": {
                            "type": "string",
                            "index": "not_analyzed"
                        },
                        "version": {
                            "type": "string",
                            "index": "not_analyzed"
                        },
                        "nameVersion": {
                            "type": "string",
                            "index": "not_analyzed"  
                        }
                    }
                }
            }
        }
    }
}
